{
  "authorization": "NONE",
  "checkpoint_results": {
    "latent_grpo_llama_1b": {
      "a0": {
        "calibration_complete_count": 250,
        "calibration_eligible_rate": 1.0,
        "confirmation_complete_count": 250,
        "decision": "ADVANCE_A1",
        "decision_reasons": [],
        "high_candidate_count": 64,
        "high_threshold": 0.06385869346559048,
        "low_candidate_count": 54,
        "low_threshold": 0.010286992648616433,
        "selected_high": [
          "math500:121",
          "math500:320",
          "math500:082",
          "math500:162",
          "math500:018",
          "math500:175",
          "math500:229",
          "math500:185",
          "math500:114",
          "math500:378",
          "math500:022",
          "math500:447",
          "math500:417",
          "math500:330",
          "math500:159",
          "math500:173",
          "math500:084",
          "math500:440",
          "math500:117",
          "math500:281",
          "math500:464",
          "math500:425",
          "math500:077",
          "math500:408",
          "math500:434",
          "math500:272",
          "math500:490",
          "math500:147",
          "math500:322",
          "math500:087",
          "math500:366",
          "math500:120",
          "math500:483",
          "math500:201",
          "math500:394",
          "math500:465",
          "math500:262",
          "math500:113",
          "math500:069",
          "math500:106",
          "math500:310",
          "math500:324",
          "math500:391",
          "math500:245",
          "math500:055",
          "math500:221",
          "math500:166",
          "math500:284",
          "math500:323",
          "math500:380",
          "math500:317",
          "math500:252",
          "math500:151",
          "math500:309",
          "math500:356",
          "math500:405",
          "math500:209",
          "math500:484",
          "math500:389",
          "math500:132",
          "math500:168",
          "math500:321",
          "math500:179",
          "math500:413"
        ],
        "selected_low": [
          "math500:032",
          "math500:189",
          "math500:233",
          "math500:498",
          "math500:237",
          "math500:318",
          "math500:104",
          "math500:344",
          "math500:236",
          "math500:246",
          "math500:183",
          "math500:270",
          "math500:385",
          "math500:393",
          "math500:095",
          "math500:086",
          "math500:285",
          "math500:050",
          "math500:149",
          "math500:231",
          "math500:030",
          "math500:411",
          "math500:458",
          "math500:452",
          "math500:195",
          "math500:218",
          "math500:038",
          "math500:254",
          "math500:251",
          "math500:220",
          "math500:128",
          "math500:062",
          "math500:142",
          "math500:141",
          "math500:247",
          "math500:110",
          "math500:256",
          "math500:410",
          "math500:303",
          "math500:165",
          "math500:192",
          "math500:286",
          "math500:138",
          "math500:124",
          "math500:353",
          "math500:253",
          "math500:042",
          "math500:044",
          "math500:271",
          "math500:041",
          "math500:313",
          "math500:282",
          "math500:402",
          "math500:164"
        ]
      }
    },
    "soft_grpo_qwen_1_5b": {
      "a0": {
        "calibration_complete_count": 250,
        "calibration_eligible_rate": 1.0,
        "confirmation_complete_count": 250,
        "decision": "KILL_A0",
        "decision_reasons": [
          "calibration high-gap JS below frozen minimum"
        ],
        "high_candidate_count": 59,
        "high_threshold": 5.3718209436226516e-08,
        "low_candidate_count": 63,
        "low_threshold": 3.823739214148247e-09,
        "selected_high": [
          "math500:476",
          "math500:103",
          "math500:271",
          "math500:486",
          "math500:019",
          "math500:173",
          "math500:151",
          "math500:260",
          "math500:282",
          "math500:434",
          "math500:366",
          "math500:165",
          "math500:013",
          "math500:289",
          "math500:432",
          "math500:458",
          "math500:321",
          "math500:083",
          "math500:051",
          "math500:451",
          "math500:225",
          "math500:385",
          "math500:030",
          "math500:215",
          "math500:041",
          "math500:393",
          "math500:020",
          "math500:391",
          "math500:094",
          "math500:281",
          "math500:304",
          "math500:188",
          "math500:494",
          "math500:480",
          "math500:112",
          "math500:082",
          "math500:189",
          "math500:466",
          "math500:104",
          "math500:402",
          "math500:409",
          "math500:044",
          "math500:092",
          "math500:358",
          "math500:359",
          "math500:056",
          "math500:076",
          "math500:185",
          "math500:224",
          "math500:313",
          "math500:123",
          "math500:414",
          "math500:201",
          "math500:002",
          "math500:394",
          "math500:228",
          "math500:322",
          "math500:269",
          "math500:405"
        ],
        "selected_low": [
          "math500:247",
          "math500:357",
          "math500:229",
          "math500:093",
          "math500:101",
          "math500:128",
          "math500:007",
          "math500:254",
          "math500:417",
          "math500:352",
          "math500:147",
          "math500:356",
          "math500:090",
          "math500:310",
          "math500:193",
          "math500:485",
          "math500:270",
          "math500:170",
          "math500:179",
          "math500:262",
          "math500:027",
          "math500:318",
          "math500:338",
          "math500:430",
          "math500:111",
          "math500:126",
          "math500:231",
          "math500:419",
          "math500:106",
          "math500:182",
          "math500:167",
          "math500:473",
          "math500:311",
          "math500:168",
          "math500:320",
          "math500:245",
          "math500:237",
          "math500:089",
          "math500:452",
          "math500:054",
          "math500:138",
          "math500:462",
          "math500:463",
          "math500:023",
          "math500:086",
          "math500:209",
          "math500:285",
          "math500:218",
          "math500:251",
          "math500:017",
          "math500:253",
          "math500:410",
          "math500:498",
          "math500:372",
          "math500:309",
          "math500:397",
          "math500:166",
          "math500:232",
          "math500:408",
          "math500:489",
          "math500:413",
          "math500:038",
          "math500:062"
        ]
      }
    }
  },
  "completed_stage": "A0",
  "overall_decision": "KILL_PCMC_GATE_A0",
  "protocol_id": "pcmc-gate-ab-v1-20260718",
  "protocol_sha256": "67d1a6b952823337433888cbfebf7841cb3851739af57426e68fd184a4760085",
  "record_count": 1000
}
